ID,FormalName,NativeName,CommonName
af,Afrikaans,Afrikaans,
af_NA,Afrikaans (Namibia),Afrikaans (NamibiÃ«),
af_ZA,Afrikaans (South Africa),Afrikaans (Suid-Afrika),
agq,Aghem,Aghem,
agq_CM,Aghem (Cameroon),Aghem (KÃ mÃ lÃ»Å‹),
ak,Akan,Akan,
ak_GH,Akan (Ghana),Akan (Gaana),
am,Amharic,áŠ áˆ›áˆ­áŠ›,
am_ET,Amharic (Ethiopia),áŠ áˆ›áˆ­áŠ› (áŠ¢á‰µá‹®áŒµá‹«),
ar,Arabic,Ø§Ù„Ø¹Ø±Ø¨ÙŠØ©,
ar_001,Arabic (World),Ø§Ù„Ø¹Ø±Ø¨ÙŠØ© (Ø§Ù„Ø¹Ø§Ù„Ù…),Modern Standard Arabic
ar_AE,Arabic (United Arab Emirates),Ø§Ù„Ø¹Ø±Ø¨ÙŠØ© (Ø§Ù„Ø¥Ù…Ø§Ø±Ø§Øª Ø§Ù„Ø¹Ø±Ø¨ÙŠØ© Ø§Ù„Ù…ØªØ­Ø¯Ø©),
ar_BH,Arabic (Bahrain),Ø§Ù„Ø¹Ø±Ø¨ÙŠØ© (Ø§Ù„Ø¨Ø­Ø±ÙŠÙ†),
ar_DJ,Arabic (Djibouti),Ø§Ù„Ø¹Ø±Ø¨ÙŠØ© (Ø¬ÙŠØ¨ÙˆØªÙŠ),
ar_DZ,Arabic (Algeria),Ø§Ù„Ø¹Ø±Ø¨ÙŠØ© (Ø§Ù„Ø¬Ø²Ø§Ø¦Ø±),
ar_EG,Arabic (Egypt),Ø§Ù„Ø¹Ø±Ø¨ÙŠØ© (Ù…ØµØ±),
ar_EH,Arabic (Western Sahara),Ø§Ù„Ø¹Ø±Ø¨ÙŠØ© (Ø§Ù„ØµØ­Ø±Ø§Ø¡ Ø§Ù„ØºØ±Ø¨ÙŠØ©),
ar_ER,Arabic (Eritrea),Ø§Ù„Ø¹Ø±Ø¨ÙŠØ© (Ø¥Ø±ÙŠØªØ±ÙŠØ§),
ar_IL,Arabic (Israel),Ø§Ù„Ø¹Ø±Ø¨ÙŠØ© (Ø¥Ø³Ø±Ø§Ø¦ÙŠÙ„),
ar_IQ,Arabic (Iraq),Ø§Ù„Ø¹Ø±Ø¨ÙŠØ© (Ø§Ù„Ø¹Ø±Ø§Ù‚),
ar_JO,Arabic (Jordan),Ø§Ù„Ø¹Ø±Ø¨ÙŠØ© (Ø§Ù„Ø£Ø±Ø¯Ù†),
ar_KM,Arabic (Comoros),Ø§Ù„Ø¹Ø±Ø¨ÙŠØ© (Ø¬Ø²Ø± Ø§Ù„Ù‚Ù…Ø±),
ar_KW,Arabic (Kuwait),Ø§Ù„Ø¹Ø±Ø¨ÙŠØ© (Ø§Ù„ÙƒÙˆÙŠØª),
ar_LB,Arabic (Lebanon),Ø§Ù„Ø¹Ø±Ø¨ÙŠØ© (Ù„Ø¨Ù†Ø§Ù†),
ar_LY,Arabic (Libya),Ø§Ù„Ø¹Ø±Ø¨ÙŠØ© (Ù„ÙŠØ¨ÙŠØ§),
ar_MA,Arabic (Morocco),Ø§Ù„Ø¹Ø±Ø¨ÙŠØ© (Ø§Ù„Ù…ØºØ±Ø¨),
ar_MR,Arabic (Mauritania),Ø§Ù„Ø¹Ø±Ø¨ÙŠØ© (Ù…ÙˆØ±ÙŠØªØ§Ù†ÙŠØ§),
ar_OM,Arabic (Oman),Ø§Ù„Ø¹Ø±Ø¨ÙŠØ© (Ø¹ÙÙ…Ø§Ù†),
ar_PS,Arabic (Palestinian Territories),Ø§Ù„Ø¹Ø±Ø¨ÙŠØ© (Ø§Ù„Ø£Ø±Ø§Ø¶ÙŠ Ø§Ù„ÙÙ„Ø³Ø·ÙŠÙ†ÙŠØ©),
ar_QA,Arabic (Qatar),Ø§Ù„Ø¹Ø±Ø¨ÙŠØ© (Ù‚Ø·Ø±),
ar_SA,Arabic (Saudi Arabia),Ø§Ù„Ø¹Ø±Ø¨ÙŠØ© (Ø§Ù„Ù…Ù…Ù„ÙƒØ© Ø§Ù„Ø¹Ø±Ø¨ÙŠØ© Ø§Ù„Ø³Ø¹ÙˆØ¯ÙŠØ©),
ar_SD,Arabic (Sudan),Ø§Ù„Ø¹Ø±Ø¨ÙŠØ© (Ø§Ù„Ø³ÙˆØ¯Ø§Ù†),
ar_SO,Arabic (Somalia),Ø§Ù„Ø¹Ø±Ø¨ÙŠØ© (Ø§Ù„ØµÙˆÙ…Ø§Ù„),
ar_SS,Arabic (South Sudan),Ø§Ù„Ø¹Ø±Ø¨ÙŠØ© (Ø¬Ù†ÙˆØ¨ Ø§Ù„Ø³ÙˆØ¯Ø§Ù†),
ar_SY,Arabic (Syria),Ø§Ù„Ø¹Ø±Ø¨ÙŠØ© (Ø³ÙˆØ±ÙŠØ§),
ar_TD,Arabic (Chad),Ø§Ù„Ø¹Ø±Ø¨ÙŠØ© (ØªØ´Ø§Ø¯),
ar_TN,Arabic (Tunisia),Ø§Ù„Ø¹Ø±Ø¨ÙŠØ© (ØªÙˆÙ†Ø³),
ar_YE,Arabic (Yemen),Ø§Ù„Ø¹Ø±Ø¨ÙŠØ© (Ø§Ù„ÙŠÙ…Ù†),
as,Assamese,à¦…à¦¸à¦®à§€à¦¯à¦¼à¦¾,
as_IN,Assamese (India),à¦…à¦¸à¦®à§€à¦¯à¦¼à¦¾ (à¦­à¦¾à¦°à¦¤),
asa,Asu,Kipare,
asa_TZ,Asu (Tanzania),Kipare (Tadhania),
ast,Asturian,asturianu,
ast_ES,Asturian (Spain),asturianu (EspaÃ±a),
az,Azerbaijani,azÉ™rbaycan,
az_Cyrl,Azerbaijani (Cyrillic),Ğ°Ğ·Ó™Ñ€Ğ±Ğ°Ñ˜Ò¹Ğ°Ğ½ (ĞšĞ¸Ñ€Ğ¸Ğ»),
az_Cyrl_AZ,"Azerbaijani (Cyrillic, Azerbaijan)","Ğ°Ğ·Ó™Ñ€Ğ±Ğ°Ñ˜Ò¹Ğ°Ğ½ (ĞšĞ¸Ñ€Ğ¸Ğ», ĞĞ·Ó™Ñ€Ğ±Ğ°Ñ˜Ò¹Ğ°Ğ½)",
az_Latn,Azerbaijani (Latin),azÉ™rbaycan (latÄ±n),
az_Latn_AZ,"Azerbaijani (Latin, Azerbaijan)","azÉ™rbaycan (latÄ±n, AzÉ™rbaycan)",
bas,Basaa,ÆÃ sÃ a,
bas_CM,Basaa (Cameroon),ÆÃ sÃ a (KÃ mÉ›Ì€rÃ»n),
be,Belarusian,Ğ±ĞµĞ»Ğ°Ñ€ÑƒÑĞºĞ°Ñ,
be_BY,Belarusian (Belarus),Ğ±ĞµĞ»Ğ°Ñ€ÑƒÑĞºĞ°Ñ (Ğ‘ĞµĞ»Ğ°Ñ€ÑƒÑÑŒ),
bem,Bemba,Ichibemba,
bem_ZM,Bemba (Zambia),Ichibemba (Zambia),
bez,Bena,Hibena,
bez_TZ,Bena (Tanzania),Hibena (Hutanzania),
bg,Bulgarian,Ğ±ÑŠĞ»Ğ³Ğ°Ñ€ÑĞºĞ¸,
bg_BG,Bulgarian (Bulgaria),Ğ±ÑŠĞ»Ğ³Ğ°Ñ€ÑĞºĞ¸ (Ğ‘ÑŠĞ»Ğ³Ğ°Ñ€Ğ¸Ñ),
bm,Bambara,bamanakan,
bm_ML,Bambara (Mali),bamanakan (Mali),
bn,Bangla,à¦¬à¦¾à¦‚à¦²à¦¾,
bn_BD,Bangla (Bangladesh),à¦¬à¦¾à¦‚à¦²à¦¾ (à¦¬à¦¾à¦‚à¦²à¦¾à¦¦à§‡à¦¶),
bn_IN,Bangla (India),à¦¬à¦¾à¦‚à¦²à¦¾ (à¦­à¦¾à¦°à¦¤),
bo,Tibetan,à½–à½¼à½‘à¼‹à½¦à¾à½‘à¼‹,
bo_CN,Tibetan (China),à½–à½¼à½‘à¼‹à½¦à¾à½‘à¼‹ (à½¢à¾’à¾±à¼‹à½“à½‚),
bo_IN,Tibetan (India),à½–à½¼à½‘à¼‹à½¦à¾à½‘à¼‹ (à½¢à¾’à¾±à¼‹à½‚à½¢à¼‹),
br,Breton,brezhoneg,
br_FR,Breton (France),brezhoneg (FraÃ±s),
brx,Bodo,à¤¬à¤¡à¤¼à¥‹,
brx_IN,Bodo (India),à¤¬à¤¡à¤¼à¥‹ (à¤­à¤¾à¤°à¤¤),
bs,Bosnian,bosanski,
bs_Cyrl,Bosnian (Cyrillic),Ğ±Ğ¾ÑĞ°Ğ½ÑĞºĞ¸ (Ñ›Ğ¸Ñ€Ğ¸Ğ»Ğ¸Ñ†Ğ°),
bs_Cyrl_BA,"Bosnian (Cyrillic, Bosnia & Herzegovina)","Ğ±Ğ¾ÑĞ°Ğ½ÑĞºĞ¸ (Ñ›Ğ¸Ñ€Ğ¸Ğ»Ğ¸Ñ†Ğ°, Ğ‘Ğ¾ÑĞ½Ğ° Ğ¸ Ğ¥ĞµÑ€Ñ†ĞµĞ³Ğ¾Ğ²Ğ¸Ğ½Ğ°)",
bs_Latn,Bosnian (Latin),bosanski (latinica),
bs_Latn_BA,"Bosnian (Latin, Bosnia & Herzegovina)","bosanski (latinica, Bosna i Hercegovina)",
ca,Catalan,catalÃ ,
ca_AD,Catalan (Andorra),catalÃ  (Andorra),
ca_ES,Catalan (Spain),catalÃ  (Espanya),
ca_FR,Catalan (France),catalÃ  (FranÃ§a),
ca_IT,Catalan (Italy),catalÃ  (ItÃ lia),
ccp,Chakma,ğ‘„Œğ‘„‹ğ‘„´ğ‘„Ÿğ‘„³ğ‘„¦,
ccp_BD,Chakma (Bangladesh),ğ‘„Œğ‘„‹ğ‘„´ğ‘„Ÿğ‘„³ğ‘„¦ (ğ‘„ğ‘„ğ‘„£ğ‘„˜ğ‘„¬ğ‘„Œğ‘„´),
ccp_IN,Chakma (India),ğ‘„Œğ‘„‹ğ‘„´ğ‘„Ÿğ‘„³ğ‘„¦ (ğ‘„ğ‘„¢ğ‘„§ğ‘„–ğ‘„´),
ce,Chechen,Ğ½Ğ¾Ñ…Ñ‡Ğ¸Ğ¹Ğ½,
ce_RU,Chechen (Russia),Ğ½Ğ¾Ñ…Ñ‡Ğ¸Ğ¹Ğ½ (Ğ Ğ¾ÑÑĞ¸),
cgg,Chiga,Rukiga,
cgg_UG,Chiga (Uganda),Rukiga (Uganda),
chr,Cherokee,á£á³á©,
chr_US,Cherokee (United States),á£á³á© (áŒáŠ á¢á³á¾áµáá”á… áá¦ášá©),
ckb,Central Kurdish,Ú©ÙˆØ±Ø¯ÛŒÛŒ Ù†Ø§ÙˆÛ•Ù†Ø¯ÛŒ,
ckb_IQ,Central Kurdish (Iraq),Ú©ÙˆØ±Ø¯ÛŒÛŒ Ù†Ø§ÙˆÛ•Ù†Ø¯ÛŒ (Ø¹ÛØ±Ø§Ù‚),
ckb_IR,Central Kurdish (Iran),Ú©ÙˆØ±Ø¯ÛŒÛŒ Ù†Ø§ÙˆÛ•Ù†Ø¯ÛŒ (Ø¦ÛØ±Ø§Ù†),
cs,Czech,ÄeÅ¡tina,
cs_CZ,Czech (Czechia),ÄeÅ¡tina (ÄŒesko),
cy,Welsh,Cymraeg,
cy_GB,Welsh (United Kingdom),Cymraeg (Y Deyrnas Unedig),
da,Danish,dansk,
da_DK,Danish (Denmark),dansk (Danmark),
da_GL,Danish (Greenland),dansk (GrÃ¸nland),
dav,Taita,Kitaita,
dav_KE,Taita (Kenya),Kitaita (Kenya),
de,German,Deutsch,
de_AT,German (Austria),Deutsch (Ã–sterreich),Austrian German
de_BE,German (Belgium),Deutsch (Belgien),
de_CH,German (Switzerland),Deutsch (Schweiz),Swiss High German
de_DE,German (Germany),Deutsch (Deutschland),
de_IT,German (Italy),Deutsch (Italien),
de_LI,German (Liechtenstein),Deutsch (Liechtenstein),
de_LU,German (Luxembourg),Deutsch (Luxemburg),
dje,Zarma,Zarmaciine,
dje_NE,Zarma (Niger),Zarmaciine (NiÅ¾er),
dsb,Lower Sorbian,dolnoserbÅ¡Ä‡ina,
dsb_DE,Lower Sorbian (Germany),dolnoserbÅ¡Ä‡ina (Nimska),
dua,Duala,duÃ¡lÃ¡,
dua_CM,Duala (Cameroon),duÃ¡lÃ¡ (Cameroun),
dyo,Jola-Fonyi,joola,
dyo_SN,Jola-Fonyi (Senegal),joola (Senegal),
dz,Dzongkha,à½¢à¾«à½¼à½„à¼‹à½,
dz_BT,Dzongkha (Bhutan),à½¢à¾«à½¼à½„à¼‹à½à¼ (à½ à½–à¾²à½´à½‚à¼),
ebu,Embu,KÄ©embu,
ebu_KE,Embu (Kenya),KÄ©embu (Kenya),
ee,Ewe,EÊ‹egbe,
ee_GH,Ewe (Ghana),EÊ‹egbe (Ghana nutome),
ee_TG,Ewe (Togo),EÊ‹egbe (Togo nutome),
el,Greek,Î•Î»Î»Î·Î½Î¹ÎºÎ¬,
el_CY,Greek (Cyprus),Î•Î»Î»Î·Î½Î¹ÎºÎ¬ (ÎšÏÏ€ÏÎ¿Ï‚),
el_GR,Greek (Greece),Î•Î»Î»Î·Î½Î¹ÎºÎ¬ (Î•Î»Î»Î¬Î´Î±),
en,English,English,
en_001,English (World),English (World),
en_150,English (Europe),English (Europe),
en_AG,English (Antigua & Barbuda),English (Antigua & Barbuda),
en_AI,English (Anguilla),English (Anguilla),
en_AS,English (American Samoa),English (American Samoa),
en_AT,English (Austria),English (Austria),
en_AU,English (Australia),English (Australia),Australian English
en_BB,English (Barbados),English (Barbados),
en_BE,English (Belgium),English (Belgium),
en_BI,English (Burundi),English (Burundi),
en_BM,English (Bermuda),English (Bermuda),
en_BS,English (Bahamas),English (Bahamas),
en_BW,English (Botswana),English (Botswana),
en_BZ,English (Belize),English (Belize),
en_CA,English (Canada),English (Canada),Canadian English
en_CC,English (Cocos [Keeling] Islands),English (Cocos [Keeling] Islands),
en_CH,English (Switzerland),English (Switzerland),
en_CK,English (Cook Islands),English (Cook Islands),
en_CM,English (Cameroon),English (Cameroon),
en_CX,English (Christmas Island),English (Christmas Island),
en_CY,English (Cyprus),English (Cyprus),
en_DE,English (Germany),English (Germany),
en_DG,English (Diego Garcia),English (Diego Garcia),
en_DK,English (Denmark),English (Denmark),
en_DM,English (Dominica),English (Dominica),
en_ER,English (Eritrea),English (Eritrea),
en_FI,English (Finland),English (Finland),
en_FJ,English (Fiji),English (Fiji),
en_FK,English (Falkland Islands),English (Falkland Islands),
en_FM,English (Micronesia),English (Micronesia),
en_GB,English (United Kingdom),English (United Kingdom),British English
en_GD,English (Grenada),English (Grenada),
en_GG,English (Guernsey),English (Guernsey),
en_GH,English (Ghana),English (Ghana),
en_GI,English (Gibraltar),English (Gibraltar),
en_GM,English (Gambia),English (Gambia),
en_GU,English (Guam),English (Guam),
en_GY,English (Guyana),English (Guyana),
en_HK,English (Hong Kong SAR China),English (Hong Kong SAR China),
en_IE,English (Ireland),English (Ireland),
en_IL,English (Israel),English (Israel),
en_IM,English (Isle of Man),English (Isle of Man),
en_IN,English (India),English (India),
en_IO,English (British Indian Ocean Territory),English (British Indian Ocean Territory),
en_JE,English (Jersey),English (Jersey),
en_JM,English (Jamaica),English (Jamaica),
en_KE,English (Kenya),English (Kenya),
en_KI,English (Kiribati),English (Kiribati),
en_KN,English (St. Kitts & Nevis),English (St. Kitts & Nevis),
en_KY,English (Cayman Islands),English (Cayman Islands),
en_LC,English (St. Lucia),English (St. Lucia),
en_LR,English (Liberia),English (Liberia),
en_LS,English (Lesotho),English (Lesotho),
en_MG,English (Madagascar),English (Madagascar),
en_MH,English (Marshall Islands),English (Marshall Islands),
en_MO,English (Macau SAR China),English (Macau SAR China),
en_MP,English (Northern Mariana Islands),English (Northern Mariana Islands),
en_MS,English (Montserrat),English (Montserrat),
en_MT,English (Malta),English (Malta),
en_MU,English (Mauritius),English (Mauritius),
en_MW,English (Malawi),English (Malawi),
en_MY,English (Malaysia),English (Malaysia),
en_NA,English (Namibia),English (Namibia),
en_NF,English (Norfolk Island),English (Norfolk Island),
en_NG,English (Nigeria),English (Nigeria),
en_NL,English (Netherlands),English (Netherlands),
en_NR,English (Nauru),English (Nauru),
en_NU,English (Niue),English (Niue),
en_NZ,English (New Zealand),English (New Zealand),
en_PG,English (Papua New Guinea),English (Papua New Guinea),
en_PH,English (Philippines),English (Philippines),
en_PK,English (Pakistan),English (Pakistan),
en_PN,English (Pitcairn Islands),English (Pitcairn Islands),
en_PR,English (Puerto Rico),English (Puerto Rico),
en_PW,English (Palau),English (Palau),
en_RW,English (Rwanda),English (Rwanda),
en_SB,English (Solomon Islands),English (Solomon Islands),
en_SC,English (Seychelles),English (Seychelles),
en_SD,English (Sudan),English (Sudan),
en_SE,English (Sweden),English (Sweden),
en_SG,English (Singapore),English (Singapore),
en_SH,English (St. Helena),English (St. Helena),
en_SI,English (Slovenia),English (Slovenia),
en_SL,English (Sierra Leone),English (Sierra Leone),
en_SS,English (South Sudan),English (South Sudan),
en_SX,English (Sint Maarten),English (Sint Maarten),
en_SZ,English (Swaziland),English (Swaziland),
en_TC,English (Turks & Caicos Islands),English (Turks & Caicos Islands),
en_TK,English (Tokelau),English (Tokelau),
en_TO,English (Tonga),English (Tonga),
en_TT,English (Trinidad & Tobago),English (Trinidad & Tobago),
en_TV,English (Tuvalu),English (Tuvalu),
en_TZ,English (Tanzania),English (Tanzania),
en_UG,English (Uganda),English (Uganda),
en_UM,English (U.S. Outlying Islands),English (U.S. Outlying Islands),
en_US,English (United States),English (United States),American English
en_US_POSIX,"English (United States, Computer)","English (United States, Computer)",American English (Computer)
en_VC,English (St. Vincent & Grenadines),English (St. Vincent & Grenadines),
en_VG,English (British Virgin Islands),English (British Virgin Islands),
en_VI,English (U.S. Virgin Islands),English (U.S. Virgin Islands),
en_VU,English (Vanuatu),English (Vanuatu),
en_WS,English (Samoa),English (Samoa),
en_ZA,English (South Africa),English (South Africa),
en_ZM,English (Zambia),English (Zambia),
en_ZW,English (Zimbabwe),English (Zimbabwe),
eo,Esperanto,esperanto,
es,Spanish,espaÃ±ol,
es_419,Spanish (Latin America),espaÃ±ol (LatinoamÃ©rica),Latin American Spanish
es_AR,Spanish (Argentina),espaÃ±ol (Argentina),
es_BO,Spanish (Bolivia),espaÃ±ol (Bolivia),
es_BR,Spanish (Brazil),espaÃ±ol (Brasil),
es_BZ,Spanish (Belize),espaÃ±ol (Belice),
es_CL,Spanish (Chile),espaÃ±ol (Chile),
es_CO,Spanish (Colombia),espaÃ±ol (Colombia),
es_CR,Spanish (Costa Rica),espaÃ±ol (Costa Rica),
es_CU,Spanish (Cuba),espaÃ±ol (Cuba),
es_DO,Spanish (Dominican Republic),espaÃ±ol (RepÃºblica Dominicana),
es_EA,Spanish (Ceuta & Melilla),espaÃ±ol (Ceuta y Melilla),
es_EC,Spanish (Ecuador),espaÃ±ol (Ecuador),
es_ES,Spanish (Spain),espaÃ±ol (EspaÃ±a),European Spanish
es_GQ,Spanish (Equatorial Guinea),espaÃ±ol (Guinea Ecuatorial),
es_GT,Spanish (Guatemala),espaÃ±ol (Guatemala),
es_HN,Spanish (Honduras),espaÃ±ol (Honduras),
es_IC,Spanish (Canary Islands),espaÃ±ol (Canarias),
es_MX,Spanish (Mexico),espaÃ±ol (MÃ©xico),Mexican Spanish
es_NI,Spanish (Nicaragua),espaÃ±ol (Nicaragua),
es_PA,Spanish (Panama),espaÃ±ol (PanamÃ¡),
es_PE,Spanish (Peru),espaÃ±ol (PerÃº),
es_PH,Spanish (Philippines),espaÃ±ol (Filipinas),
es_PR,Spanish (Puerto Rico),espaÃ±ol (Puerto Rico),
es_PY,Spanish (Paraguay),espaÃ±ol (Paraguay),
es_SV,Spanish (El Salvador),espaÃ±ol (El Salvador),
es_US,Spanish (United States),espaÃ±ol (Estados Unidos),
es_UY,Spanish (Uruguay),espaÃ±ol (Uruguay),
es_VE,Spanish (Venezuela),espaÃ±ol (Venezuela),
et,Estonian,eesti,
et_EE,Estonian (Estonia),eesti (Eesti),
eu,Basque,euskara,
eu_ES,Basque (Spain),euskara (Espainia),
ewo,Ewondo,ewondo,
ewo_CM,Ewondo (Cameroon),ewondo (KamÉ™rÃºn),
fa,Persian,ÙØ§Ø±Ø³ÛŒ,
fa_AF,Persian (Afghanistan),ÙØ§Ø±Ø³ÛŒ (Ø§ÙØºØ§Ù†Ø³ØªØ§Ù†),Dari
fa_IR,Persian (Iran),ÙØ§Ø±Ø³ÛŒ (Ø§ÛŒØ±Ø§Ù†),
ff,Fulah,Pulaar,
ff_CM,Fulah (Cameroon),Pulaar (Kameruun),
ff_GN,Fulah (Guinea),Pulaar (Gine),
ff_MR,Fulah (Mauritania),Pulaar (Muritani),
ff_SN,Fulah (Senegal),Pulaar (Senegaal),
fi,Finnish,suomi,
fi_FI,Finnish (Finland),suomi (Suomi),
fil,Filipino,Filipino,
fil_PH,Filipino (Philippines),Filipino (Pilipinas),
fo,Faroese,fÃ¸royskt,
fo_DK,Faroese (Denmark),fÃ¸royskt (Danmark),
fo_FO,Faroese (Faroe Islands),fÃ¸royskt (FÃ¸royar),
fr,French,franÃ§ais,
fr_BE,French (Belgium),franÃ§ais (Belgique),
fr_BF,French (Burkina Faso),franÃ§ais (Burkina Faso),
fr_BI,French (Burundi),franÃ§ais (Burundi),
fr_BJ,French (Benin),franÃ§ais (BÃ©nin),
fr_BL,French (St. BarthÃ©lemy),franÃ§ais (Saint-BarthÃ©lemy),
fr_CA,French (Canada),franÃ§ais (Canada),Canadian French
fr_CD,French (Congo - Kinshasa),franÃ§ais (Congo-Kinshasa),
fr_CF,French (Central African Republic),franÃ§ais (RÃ©publique centrafricaine),
fr_CG,French (Congo - Brazzaville),franÃ§ais (Congo-Brazzaville),
fr_CH,French (Switzerland),franÃ§ais (Suisse),Swiss French
fr_CI,French (CÃ´te dâ€™Ivoire),franÃ§ais (CÃ´te dâ€™Ivoire),
fr_CM,French (Cameroon),franÃ§ais (Cameroun),
fr_DJ,French (Djibouti),franÃ§ais (Djibouti),
fr_DZ,French (Algeria),franÃ§ais (AlgÃ©rie),
fr_FR,French (France),franÃ§ais (France),
fr_GA,French (Gabon),franÃ§ais (Gabon),
fr_GF,French (French Guiana),franÃ§ais (Guyane franÃ§aise),
fr_GN,French (Guinea),franÃ§ais (GuinÃ©e),
fr_GP,French (Guadeloupe),franÃ§ais (Guadeloupe),
fr_GQ,French (Equatorial Guinea),franÃ§ais (GuinÃ©e Ã©quatoriale),
fr_HT,French (Haiti),franÃ§ais (HaÃ¯ti),
fr_KM,French (Comoros),franÃ§ais (Comores),
fr_LU,French (Luxembourg),franÃ§ais (Luxembourg),
fr_MA,French (Morocco),franÃ§ais (Maroc),
fr_MC,French (Monaco),franÃ§ais (Monaco),
fr_MF,French (St. Martin),franÃ§ais (Saint-Martin),
fr_MG,French (Madagascar),franÃ§ais (Madagascar),
fr_ML,French (Mali),franÃ§ais (Mali),
fr_MQ,French (Martinique),franÃ§ais (Martinique),
fr_MR,French (Mauritania),franÃ§ais (Mauritanie),
fr_MU,French (Mauritius),franÃ§ais (Maurice),
fr_NC,French (New Caledonia),franÃ§ais (Nouvelle-CalÃ©donie),
fr_NE,French (Niger),franÃ§ais (Niger),
fr_PF,French (French Polynesia),franÃ§ais (PolynÃ©sie franÃ§aise),
fr_PM,French (St. Pierre & Miquelon),franÃ§ais (Saint-Pierre-et-Miquelon),
fr_RE,French (RÃ©union),franÃ§ais (La RÃ©union),
fr_RW,French (Rwanda),franÃ§ais (Rwanda),
fr_SC,French (Seychelles),franÃ§ais (Seychelles),
fr_SN,French (Senegal),franÃ§ais (SÃ©nÃ©gal),
fr_SY,French (Syria),franÃ§ais (Syrie),
fr_TD,French (Chad),franÃ§ais (Tchad),
fr_TG,French (Togo),franÃ§ais (Togo),
fr_TN,French (Tunisia),franÃ§ais (Tunisie),
fr_VU,French (Vanuatu),franÃ§ais (Vanuatu),
fr_WF,French (Wallis & Futuna),franÃ§ais (Wallis-et-Futuna),
fr_YT,French (Mayotte),franÃ§ais (Mayotte),
fur,Friulian,furlan,
fur_IT,Friulian (Italy),furlan (Italie),
fy,Western Frisian,Frysk,
fy_NL,Western Frisian (Netherlands),Frysk (NederlÃ¢n),
ga,Irish,Gaeilge,
ga_IE,Irish (Ireland),Gaeilge (Ã‰ire),
gd,Scottish Gaelic,GÃ idhlig,
gd_GB,Scottish Gaelic (United Kingdom),GÃ idhlig (An RÃ¬oghachd Aonaichte),
gl,Galician,galego,
gl_ES,Galician (Spain),galego (EspaÃ±a),
gsw,Swiss German,SchwiizertÃ¼Ã¼tsch,
gsw_CH,Swiss German (Switzerland),SchwiizertÃ¼Ã¼tsch (Schwiiz),
gsw_FR,Swiss German (France),SchwiizertÃ¼Ã¼tsch (Frankriich),
gsw_LI,Swiss German (Liechtenstein),SchwiizertÃ¼Ã¼tsch (LiÃ¤chteschtÃ¤i),
gu,Gujarati,àª—à«àªœàª°àª¾àª¤à«€,
gu_IN,Gujarati (India),àª—à«àªœàª°àª¾àª¤à«€ (àª­àª¾àª°àª¤),
guz,Gusii,Ekegusii,
guz_KE,Gusii (Kenya),Ekegusii (Kenya),
gv,Manx,Gaelg,
gv_IM,Manx (Isle of Man),Gaelg (Ellan Vannin),
ha,Hausa,Hausa,
ha_GH,Hausa (Ghana),Hausa (Gana),
ha_NE,Hausa (Niger),Hausa (Nijar),
ha_NG,Hausa (Nigeria),Hausa (Najeriya),
haw,Hawaiian,Ê»ÅŒlelo HawaiÊ»i,
haw_US,Hawaiian (United States),Ê»ÅŒlelo HawaiÊ»i (Ê»Amelika Hui PÅ« Ê»Ia),
he,Hebrew,×¢×‘×¨×™×ª,
he_IL,Hebrew (Israel),×¢×‘×¨×™×ª (×™×©×¨××œ),
hi,Hindi,à¤¹à¤¿à¤¨à¥à¤¦à¥€,
hi_IN,Hindi (India),à¤¹à¤¿à¤¨à¥à¤¦à¥€ (à¤­à¤¾à¤°à¤¤),
hr,Croatian,hrvatski,
hr_BA,Croatian (Bosnia & Herzegovina),hrvatski (Bosna i Hercegovina),
hr_HR,Croatian (Croatia),hrvatski (Hrvatska),
hsb,Upper Sorbian,hornjoserbÅ¡Ä‡ina,
hsb_DE,Upper Sorbian (Germany),hornjoserbÅ¡Ä‡ina (NÄ›mska),
hu,Hungarian,magyar,
hu_HU,Hungarian (Hungary),magyar (MagyarorszÃ¡g),
hy,Armenian,Õ°Õ¡ÕµÕ¥Ö€Õ¥Õ¶,
hy_AM,Armenian (Armenia),Õ°Õ¡ÕµÕ¥Ö€Õ¥Õ¶ (Õ€Õ¡ÕµÕ¡Õ½Õ¿Õ¡Õ¶),
id,Indonesian,Indonesia,
id_ID,Indonesian (Indonesia),Indonesia (Indonesia),
ig,Igbo,Igbo,
ig_NG,Igbo (Nigeria),Igbo (Naá»‹já»‹rá»‹a),
ii,Sichuan Yi,ê†ˆêŒ ê‰™,
ii_CN,Sichuan Yi (China),ê†ˆêŒ ê‰™ (êê‡©),
is,Icelandic,Ã­slenska,
is_IS,Icelandic (Iceland),Ã­slenska (Ãsland),
it,Italian,italiano,
it_CH,Italian (Switzerland),italiano (Svizzera),
it_IT,Italian (Italy),italiano (Italia),
it_SM,Italian (San Marino),italiano (San Marino),
it_VA,Italian (Vatican City),italiano (CittÃ  del Vaticano),
ja,Japanese,æ—¥æœ¬èª,
ja_JP,Japanese (Japan),æ—¥æœ¬èª (æ—¥æœ¬),
jgo,Ngomba,NdaêŒa,
jgo_CM,Ngomba (Cameroon),NdaêŒa (KamÉ›lÃ»n),
jmc,Machame,Kimachame,
jmc_TZ,Machame (Tanzania),Kimachame (Tanzania),
ka,Georgian,áƒ¥áƒáƒ áƒ—áƒ£áƒšáƒ˜,
ka_GE,Georgian (Georgia),áƒ¥áƒáƒ áƒ—áƒ£áƒšáƒ˜ (áƒ¡áƒáƒ¥áƒáƒ áƒ—áƒ•áƒ”áƒšáƒ),
kab,Kabyle,Taqbaylit,
kab_DZ,Kabyle (Algeria),Taqbaylit (Lezzayer),
kam,Kamba,Kikamba,
kam_KE,Kamba (Kenya),Kikamba (Kenya),
kde,Makonde,Chimakonde,
kde_TZ,Makonde (Tanzania),Chimakonde (Tanzania),
kea,Kabuverdianu,kabuverdianu,
kea_CV,Kabuverdianu (Cape Verde),kabuverdianu (Kabu Verdi),
khq,Koyra Chiini,Koyra ciini,
khq_ML,Koyra Chiini (Mali),Koyra ciini (Maali),
ki,Kikuyu,Gikuyu,
ki_KE,Kikuyu (Kenya),Gikuyu (Kenya),
kk,Kazakh,Ò›Ğ°Ğ·Ğ°Ò› Ñ‚Ñ–Ğ»Ñ–,
kk_KZ,Kazakh (Kazakhstan),Ò›Ğ°Ğ·Ğ°Ò› Ñ‚Ñ–Ğ»Ñ– (ÒšĞ°Ğ·Ğ°Ò›ÑÑ‚Ğ°Ğ½),
kkj,Kako,kakÉ”,
kkj_CM,Kako (Cameroon),kakÉ” (KamÉ›run),
kl,Kalaallisut,kalaallisut,
kl_GL,Kalaallisut (Greenland),kalaallisut (Kalaallit Nunaat),
kln,Kalenjin,Kalenjin,
kln_KE,Kalenjin (Kenya),Kalenjin (Emetab Kenya),
km,Khmer,ááŸ’á˜áŸ‚áš,
km_KH,Khmer (Cambodia),ááŸ’á˜áŸ‚áš (á€á˜áŸ’á–á»á‡á¶),
kn,Kannada,à²•à²¨à³à²¨à²¡,
kn_IN,Kannada (India),à²•à²¨à³à²¨à²¡ (à²­à²¾à²°à²¤),
ko,Korean,í•œêµ­ì–´,
ko_KP,Korean (North Korea),í•œêµ­ì–´(ì¡°ì„ ë¯¼ì£¼ì£¼ì˜ì¸ë¯¼ê³µí™”êµ­),
ko_KR,Korean (South Korea),í•œêµ­ì–´(ëŒ€í•œë¯¼êµ­),
kok,Konkani,à¤•à¥‹à¤‚à¤•à¤£à¥€,
kok_IN,Konkani (India),à¤•à¥‹à¤‚à¤•à¤£à¥€ (à¤­à¤¾à¤°à¤¤),
ks,Kashmiri,Ú©Ù²Ø´ÙØ±,
ks_IN,Kashmiri (India),Ú©Ù²Ø´ÙØ± (ÛÙÙ†Ù›Ø¯ÙˆØ³ØªØ§Ù†),
ksb,Shambala,Kishambaa,
ksb_TZ,Shambala (Tanzania),Kishambaa (Tanzania),
ksf,Bafia,rikpa,
ksf_CM,Bafia (Cameroon),rikpa (kamÉ›rÃºn),
ksh,Colognian,KÃ¶lsch,
ksh_DE,Colognian (Germany),KÃ¶lsch en DoÃ¼tschland,
kw,Cornish,kernewek,
kw_GB,Cornish (United Kingdom),kernewek (Rywvaneth Unys),
ky,Kyrgyz,ĞºÑ‹Ñ€Ğ³Ñ‹Ğ·Ñ‡Ğ°,
ky_KG,Kyrgyz (Kyrgyzstan),ĞºÑ‹Ñ€Ğ³Ñ‹Ğ·Ñ‡Ğ° (ĞšÑ‹Ñ€Ğ³Ñ‹Ğ·ÑÑ‚Ğ°Ğ½),
lag,Langi,KÉ¨laangi,
lag_TZ,Langi (Tanzania),KÉ¨laangi (TaansanÃ­a),
lb,Luxembourgish,LÃ«tzebuergesch,
lb_LU,Luxembourgish (Luxembourg),LÃ«tzebuergesch (LÃ«tzebuerg),
lg,Ganda,Luganda,
lg_UG,Ganda (Uganda),Luganda (Yuganda),
lkt,Lakota,LakÈŸÃ³lÊ¼iyapi,
lkt_US,Lakota (United States),LakÈŸÃ³lÊ¼iyapi (MÃ­lahaÅ‹ska TÈŸamÃ¡kÈŸoÄhe),
ln,Lingala,lingÃ¡la,
ln_AO,Lingala (Angola),lingÃ¡la (AngÃ³la),
ln_CD,Lingala (Congo - Kinshasa),lingÃ¡la (RepublÃ­ki ya KongÃ³ DemokratÃ­ki),
ln_CF,Lingala (Central African Republic),lingÃ¡la (Repibiki ya AfrÃ­ka ya KÃ¡ti),
ln_CG,Lingala (Congo - Brazzaville),lingÃ¡la (Kongo),
lo,Lao,àº¥àº²àº§,
lo_LA,Lao (Laos),àº¥àº²àº§ (àº¥àº²àº§),
lrc,Northern Luri,Ù„ÛŠØ±ÛŒ Ø´ÙˆÙ…Ø§Ù„ÛŒ,
lrc_IQ,Northern Luri (Iraq),Ù„ÛŠØ±ÛŒ Ø´ÙˆÙ…Ø§Ù„ÛŒ (IQ),
lrc_IR,Northern Luri (Iran),Ù„ÛŠØ±ÛŒ Ø´ÙˆÙ…Ø§Ù„ÛŒ (IR),
lt,Lithuanian,lietuviÅ³,
lt_LT,Lithuanian (Lithuania),lietuviÅ³ (Lietuva),
lu,Luba-Katanga,Tshiluba,
lu_CD,Luba-Katanga (Congo - Kinshasa),Tshiluba (Ditunga wa Kongu),
luo,Luo,Dholuo,
luo_KE,Luo (Kenya),Dholuo (Kenya),
luy,Luyia,Luluhia,
luy_KE,Luyia (Kenya),Luluhia (Kenya),
lv,Latvian,latvieÅ¡u,
lv_LV,Latvian (Latvia),latvieÅ¡u (Latvija),
mas,Masai,Maa,
mas_KE,Masai (Kenya),Maa (Kenya),
mas_TZ,Masai (Tanzania),Maa (Tansania),
mer,Meru,KÄ©mÄ©rÅ©,
mer_KE,Meru (Kenya),KÄ©mÄ©rÅ© (Kenya),
mfe,Morisyen,kreol morisien,
mfe_MU,Morisyen (Mauritius),kreol morisien (Moris),
mg,Malagasy,Malagasy,
mg_MG,Malagasy (Madagascar),Malagasy (Madagasikara),
mgh,Makhuwa-Meetto,Makua,
mgh_MZ,Makhuwa-Meetto (Mozambique),Makua (Umozambiki),
mgo,MetaÊ¼,metaÊ¼,
mgo_CM,MetaÊ¼ (Cameroon),metaÊ¼ (Kamalun),
mk,Macedonian,Ğ¼Ğ°ĞºĞµĞ´Ğ¾Ğ½ÑĞºĞ¸,
mk_MK,Macedonian (Macedonia),Ğ¼Ğ°ĞºĞµĞ´Ğ¾Ğ½ÑĞºĞ¸ (ĞœĞ°ĞºĞµĞ´Ğ¾Ğ½Ğ¸Ñ˜Ğ°),
ml,Malayalam,à´®à´²à´¯à´¾à´³à´‚,
ml_IN,Malayalam (India),à´®à´²à´¯à´¾à´³à´‚ (à´‡à´¨àµà´¤àµà´¯),
mn,Mongolian,Ğ¼Ğ¾Ğ½Ğ³Ğ¾Ğ»,
mn_MN,Mongolian (Mongolia),Ğ¼Ğ¾Ğ½Ğ³Ğ¾Ğ» (ĞœĞ¾Ğ½Ğ³Ğ¾Ğ»),
mr,Marathi,à¤®à¤°à¤¾à¤ à¥€,
mr_IN,Marathi (India),à¤®à¤°à¤¾à¤ à¥€ (à¤­à¤¾à¤°à¤¤),
ms,Malay,Melayu,
ms_BN,Malay (Brunei),Melayu (Brunei),
ms_MY,Malay (Malaysia),Melayu (Malaysia),
ms_SG,Malay (Singapore),Melayu (Singapura),
mt,Maltese,Malti,
mt_MT,Maltese (Malta),Malti (Malta),
mua,Mundang,MUNDAÅŠ,
mua_CM,Mundang (Cameroon),MUNDAÅŠ (kameruÅ‹),
my,Burmese,á€™á€¼á€”á€ºá€™á€¬,
my_MM,Burmese (Myanmar [Burma]),á€™á€¼á€”á€ºá€™á€¬ (á€™á€¼á€”á€ºá€™á€¬),
mzn,Mazanderani,Ù…Ø§Ø²Ø±ÙˆÙ†ÛŒ,
mzn_IR,Mazanderani (Iran),Ù…Ø§Ø²Ø±ÙˆÙ†ÛŒ (Ø§ÛŒØ±Ø§Ù†),
naq,Nama,Khoekhoegowab,
naq_NA,Nama (Namibia),Khoekhoegowab (Namibiab),
nb,Norwegian BokmÃ¥l,norsk bokmÃ¥l,
nb_NO,Norwegian BokmÃ¥l (Norway),norsk bokmÃ¥l (Norge),
nb_SJ,Norwegian BokmÃ¥l (Svalbard & Jan Mayen),norsk bokmÃ¥l (Svalbard og Jan Mayen),
nd,North Ndebele,isiNdebele,
nd_ZW,North Ndebele (Zimbabwe),isiNdebele (Zimbabwe),
nds,Low German,nds,
nds_DE,Low German (Germany),nds (DE),
nds_NL,Low German (Netherlands),nds (NL),Low Saxon
ne,Nepali,à¤¨à¥‡à¤ªà¤¾à¤²à¥€,
ne_IN,Nepali (India),à¤¨à¥‡à¤ªà¤¾à¤²à¥€ (à¤­à¤¾à¤°à¤¤),
ne_NP,Nepali (Nepal),à¤¨à¥‡à¤ªà¤¾à¤²à¥€ (à¤¨à¥‡à¤ªà¤¾à¤²),
nl,Dutch,Nederlands,
nl_AW,Dutch (Aruba),Nederlands (Aruba),
nl_BE,Dutch (Belgium),Nederlands (BelgiÃ«),Flemish
nl_BQ,Dutch (Caribbean Netherlands),Nederlands (Caribisch Nederland),
nl_CW,Dutch (CuraÃ§ao),Nederlands (CuraÃ§ao),
nl_NL,Dutch (Netherlands),Nederlands (Nederland),
nl_SR,Dutch (Suriname),Nederlands (Suriname),
nl_SX,Dutch (Sint Maarten),Nederlands (Sint-Maarten),
nmg,Kwasio,nmg,
nmg_CM,Kwasio (Cameroon),nmg (Kamerun),
nn,Norwegian Nynorsk,nynorsk,
nn_NO,Norwegian Nynorsk (Norway),nynorsk (Noreg),
nnh,Ngiemboon,ShwÃ³Å‹Ã² ngiembÉ”É”n,
nnh_CM,Ngiemboon (Cameroon),ShwÃ³Å‹Ã² ngiembÉ”É”n (KÃ malÃ»m),
nus,Nuer,Thok Nath,
nus_SS,Nuer (South Sudan),Thok Nath (SS),
nyn,Nyankole,Runyankore,
nyn_UG,Nyankole (Uganda),Runyankore (Uganda),
om,Oromo,Oromoo,
om_ET,Oromo (Ethiopia),Oromoo (Itoophiyaa),
om_KE,Oromo (Kenya),Oromoo (Keeniyaa),
or,Odia,à¬“à¬¡à¬¼à¬¿à¬†,
or_IN,Odia (India),à¬“à¬¡à¬¼à¬¿à¬† (à¬­à¬¾à¬°à¬¤),
os,Ossetic,Ğ¸Ñ€Ğ¾Ğ½,
os_GE,Ossetic (Georgia),Ğ¸Ñ€Ğ¾Ğ½ (Ğ“ÑƒÑ‹Ñ€Ğ´Ğ·Ñ‹ÑÑ‚Ğ¾Ğ½),
os_RU,Ossetic (Russia),Ğ¸Ñ€Ğ¾Ğ½ (Ğ£Ó•Ñ€Ó•ÑĞµ),
pa,Punjabi,à¨ªà©°à¨œà¨¾à¨¬à©€,
pa_Arab,Punjabi (Arabic),Ù¾Ù†Ø¬Ø§Ø¨ÛŒ (Ø¹Ø±Ø¨ÛŒ),
pa_Arab_PK,"Punjabi (Arabic, Pakistan)","Ù¾Ù†Ø¬Ø§Ø¨ÛŒ (Ø¹Ø±Ø¨ÛŒ, Ù¾Ø§Ú©Ø³ØªØ§Ù†)",
pa_Guru,Punjabi (Gurmukhi),à¨ªà©°à¨œà¨¾à¨¬à©€ (à¨—à©à¨°à¨®à©à¨–à©€),
pa_Guru_IN,"Punjabi (Gurmukhi, India)","à¨ªà©°à¨œà¨¾à¨¬à©€ (à¨—à©à¨°à¨®à©à¨–à©€, à¨­à¨¾à¨°à¨¤)",
pl,Polish,polski,
pl_PL,Polish (Poland),polski (Polska),
ps,Pashto,Ù¾ÚšØªÙˆ,
ps_AF,Pashto (Afghanistan),Ù¾ÚšØªÙˆ (Ø§ÙØºØ§Ù†Ø³ØªØ§Ù†),
pt,Portuguese,portuguÃªs,
pt_AO,Portuguese (Angola),portuguÃªs (Angola),
pt_BR,Portuguese (Brazil),portuguÃªs (Brasil),Brazilian Portuguese
pt_CH,Portuguese (Switzerland),portuguÃªs (SuÃ­Ã§a),
pt_CV,Portuguese (Cape Verde),portuguÃªs (Cabo Verde),
pt_GQ,Portuguese (Equatorial Guinea),portuguÃªs (GuinÃ© Equatorial),
pt_GW,Portuguese (Guinea-Bissau),portuguÃªs (GuinÃ©-Bissau),
pt_LU,Portuguese (Luxembourg),portuguÃªs (Luxemburgo),
pt_MO,Portuguese (Macau SAR China),"portuguÃªs (Macau, RAE da China)",
pt_MZ,Portuguese (Mozambique),portuguÃªs (MoÃ§ambique),
pt_PT,Portuguese (Portugal),portuguÃªs (Portugal),European Portuguese
pt_ST,Portuguese (SÃ£o TomÃ© & PrÃ­ncipe),portuguÃªs (SÃ£o TomÃ© e PrÃ­ncipe),
pt_TL,Portuguese (Timor-Leste),portuguÃªs (Timor-Leste),
qu,Quechua,Runasimi,
qu_BO,Quechua (Bolivia),Runasimi (Bolivia),
qu_EC,Quechua (Ecuador),Runasimi (Ecuador),
qu_PE,Quechua (Peru),Runasimi (PerÃº),
rm,Romansh,rumantsch,
rm_CH,Romansh (Switzerland),rumantsch (Svizra),
rn,Rundi,Ikirundi,
rn_BI,Rundi (Burundi),Ikirundi (Uburundi),
ro,Romanian,romÃ¢nÄƒ,
ro_MD,Romanian (Moldova),romÃ¢nÄƒ (Republica Moldova),Moldavian
ro_RO,Romanian (Romania),romÃ¢nÄƒ (RomÃ¢nia),
rof,Rombo,Kihorombo,
rof_TZ,Rombo (Tanzania),Kihorombo (Tanzania),
ru,Russian,Ñ€ÑƒÑÑĞºĞ¸Ğ¹,
ru_BY,Russian (Belarus),Ñ€ÑƒÑÑĞºĞ¸Ğ¹ (Ğ‘ĞµĞ»Ğ°Ñ€ÑƒÑÑŒ),
ru_KG,Russian (Kyrgyzstan),Ñ€ÑƒÑÑĞºĞ¸Ğ¹ (ĞšĞ¸Ñ€Ğ³Ğ¸Ğ·Ğ¸Ñ),
ru_KZ,Russian (Kazakhstan),Ñ€ÑƒÑÑĞºĞ¸Ğ¹ (ĞšĞ°Ğ·Ğ°Ñ…ÑÑ‚Ğ°Ğ½),
ru_MD,Russian (Moldova),Ñ€ÑƒÑÑĞºĞ¸Ğ¹ (ĞœĞ¾Ğ»Ğ´Ğ¾Ğ²Ğ°),
ru_RU,Russian (Russia),Ñ€ÑƒÑÑĞºĞ¸Ğ¹ (Ğ Ğ¾ÑÑĞ¸Ñ),
ru_UA,Russian (Ukraine),Ñ€ÑƒÑÑĞºĞ¸Ğ¹ (Ğ£ĞºÑ€Ğ°Ğ¸Ğ½Ğ°),
rw,Kinyarwanda,Kinyarwanda,
rw_RW,Kinyarwanda (Rwanda),Kinyarwanda (U Rwanda),
rwk,Rwa,Kiruwa,
rwk_TZ,Rwa (Tanzania),Kiruwa (Tanzania),
sah,Sakha,ÑĞ°Ñ…Ğ° Ñ‚Ñ‹Ğ»Ğ°,
sah_RU,Sakha (Russia),ÑĞ°Ñ…Ğ° Ñ‚Ñ‹Ğ»Ğ° (ĞÑ€Ğ°ÑÑÑ‹Ñ‹Ğ¹Ğ°),
saq,Samburu,Kisampur,
saq_KE,Samburu (Kenya),Kisampur (Kenya),
sbp,Sangu,Ishisangu,
sbp_TZ,Sangu (Tanzania),Ishisangu (Tansaniya),
se,Northern Sami,davvisÃ¡megiella,
se_FI,Northern Sami (Finland),davvisÃ¡megiella (Suopma),
se_NO,Northern Sami (Norway),davvisÃ¡megiella (Norga),
se_SE,Northern Sami (Sweden),davvisÃ¡megiella (RuoÅ§Å§a),
seh,Sena,sena,
seh_MZ,Sena (Mozambique),sena (MoÃ§ambique),
ses,Koyraboro Senni,Koyraboro senni,
ses_ML,Koyraboro Senni (Mali),Koyraboro senni (Maali),
sg,Sango,SÃ¤ngÃ¶,
sg_CF,Sango (Central African Republic),SÃ¤ngÃ¶ (KÃ¶dÃ¶rÃ¶sÃªse tÃ® BÃªafrÃ®ka),
shi,Tachelhit,âµœâ´°âµ›âµâµƒâµ‰âµœ,
shi_Latn,Tachelhit (Latin),Tashelá¸¥iyt (Latn),
shi_Latn_MA,"Tachelhit (Latin, Morocco)","Tashelá¸¥iyt (Latn, lmÉ£rib)",
shi_Tfng,Tachelhit (Tifinagh),âµœâ´°âµ›âµâµƒâµ‰âµœ (Tfng),
shi_Tfng_MA,"Tachelhit (Tifinagh, Morocco)","âµœâ´°âµ›âµâµƒâµ‰âµœ (Tfng, âµâµâµ–âµ”âµ‰â´±)",
si,Sinhala,à·ƒà·’à¶‚à·„à¶½,
si_LK,Sinhala (Sri Lanka),à·ƒà·’à¶‚à·„à¶½ (à·à·Šâ€à¶»à·“ à¶½à¶‚à¶šà·à·€),
sk,Slovak,slovenÄina,
sk_SK,Slovak (Slovakia),slovenÄina (Slovensko),
sl,Slovenian,slovenÅ¡Äina,
sl_SI,Slovenian (Slovenia),slovenÅ¡Äina (Slovenija),
smn,Inari Sami,anarÃ¢Å¡kielÃ¢,
smn_FI,Inari Sami (Finland),anarÃ¢Å¡kielÃ¢ (SuomÃ¢),
sn,Shona,chiShona,
sn_ZW,Shona (Zimbabwe),chiShona (Zimbabwe),
so,Somali,Soomaali,
so_DJ,Somali (Djibouti),Soomaali (Jabuuti),
so_ET,Somali (Ethiopia),Soomaali (Itoobiya),
so_KE,Somali (Kenya),Soomaali (Kiiniya),
so_SO,Somali (Somalia),Soomaali (Soomaaliya),
sq,Albanian,shqip,
sq_AL,Albanian (Albania),shqip (ShqipÃ«ri),
sq_MK,Albanian (Macedonia),shqip (Maqedoni),
sq_XK,Albanian (Kosovo),shqip (KosovÃ«),
sr,Serbian,ÑÑ€Ğ¿ÑĞºĞ¸,
sr_Cyrl,Serbian (Cyrillic),ÑÑ€Ğ¿ÑĞºĞ¸ (Ñ›Ğ¸Ñ€Ğ¸Ğ»Ğ¸Ñ†Ğ°),
sr_Cyrl_BA,"Serbian (Cyrillic, Bosnia & Herzegovina)","ÑÑ€Ğ¿ÑĞºĞ¸ (Ñ›Ğ¸Ñ€Ğ¸Ğ»Ğ¸Ñ†Ğ°, Ğ‘Ğ¾ÑĞ½Ğ° Ğ¸ Ğ¥ĞµÑ€Ñ†ĞµĞ³Ğ¾Ğ²Ğ¸Ğ½Ğ°)",
sr_Cyrl_ME,"Serbian (Cyrillic, Montenegro)","ÑÑ€Ğ¿ÑĞºĞ¸ (Ñ›Ğ¸Ñ€Ğ¸Ğ»Ğ¸Ñ†Ğ°, Ğ¦Ñ€Ğ½Ğ° Ğ“Ğ¾Ñ€Ğ°)",
sr_Cyrl_RS,"Serbian (Cyrillic, Serbia)","ÑÑ€Ğ¿ÑĞºĞ¸ (Ñ›Ğ¸Ñ€Ğ¸Ğ»Ğ¸Ñ†Ğ°, Ğ¡Ñ€Ğ±Ğ¸Ñ˜Ğ°)",
sr_Cyrl_XK,"Serbian (Cyrillic, Kosovo)","ÑÑ€Ğ¿ÑĞºĞ¸ (Ñ›Ğ¸Ñ€Ğ¸Ğ»Ğ¸Ñ†Ğ°, ĞšĞ¾ÑĞ¾Ğ²Ğ¾)",
sr_Latn,Serbian (Latin),srpski (latinica),
sr_Latn_BA,"Serbian (Latin, Bosnia & Herzegovina)","srpski (latinica, Bosna i Hercegovina)",
sr_Latn_ME,"Serbian (Latin, Montenegro)","srpski (latinica, Crna Gora)",
sr_Latn_RS,"Serbian (Latin, Serbia)","srpski (latinica, Srbija)",
sr_Latn_XK,"Serbian (Latin, Kosovo)","srpski (latinica, Kosovo)",
sv,Swedish,svenska,
sv_AX,Swedish (Ã…land Islands),svenska (Ã…land),
sv_FI,Swedish (Finland),svenska (Finland),
sv_SE,Swedish (Sweden),svenska (Sverige),
sw,Swahili,Kiswahili,
sw_CD,Swahili (Congo - Kinshasa),Kiswahili (Jamhuri ya Kidemokrasia ya Kongo),Congo Swahili
sw_KE,Swahili (Kenya),Kiswahili (Kenya),
sw_TZ,Swahili (Tanzania),Kiswahili (Tanzania),
sw_UG,Swahili (Uganda),Kiswahili (Uganda),
ta,Tamil,à®¤à®®à®¿à®´à¯,
ta_IN,Tamil (India),à®¤à®®à®¿à®´à¯ (à®‡à®¨à¯à®¤à®¿à®¯à®¾),
ta_LK,Tamil (Sri Lanka),à®¤à®®à®¿à®´à¯ (à®‡à®²à®™à¯à®•à¯ˆ),
ta_MY,Tamil (Malaysia),à®¤à®®à®¿à®´à¯ (à®®à®²à¯‡à®šà®¿à®¯à®¾),
ta_SG,Tamil (Singapore),à®¤à®®à®¿à®´à¯ (à®šà®¿à®™à¯à®•à®ªà¯à®ªà¯‚à®°à¯),
te,Telugu,à°¤à±†à°²à±à°—à±,
te_IN,Telugu (India),à°¤à±†à°²à±à°—à± (à°­à°¾à°°à°¤à°¦à±‡à°¶à°‚),
teo,Teso,Kiteso,
teo_KE,Teso (Kenya),Kiteso (Kenia),
teo_UG,Teso (Uganda),Kiteso (Uganda),
tg,Tajik,Ñ‚Ğ¾Ò·Ğ¸ĞºÓ£,
tg_TJ,Tajik (Tajikistan),Ñ‚Ğ¾Ò·Ğ¸ĞºÓ£ (Ğ¢Ğ¾Ò·Ğ¸ĞºĞ¸ÑÑ‚Ğ¾Ğ½),
th,Thai,à¹„à¸—à¸¢,
th_TH,Thai (Thailand),à¹„à¸—à¸¢ (à¹„à¸—à¸¢),
ti,Tigrinya,á‰µáŒáˆ­áŠ›,
ti_ER,Tigrinya (Eritrea),á‰µáŒáˆ­áŠ› (áŠ¤áˆ­á‰µáˆ«),
ti_ET,Tigrinya (Ethiopia),á‰µáŒáˆ­áŠ› (áŠ¢á‰µá‹®áŒµá‹«),
to,Tongan,lea fakatonga,
to_TO,Tongan (Tonga),lea fakatonga (Tonga),
tr,Turkish,TÃ¼rkÃ§e,
tr_CY,Turkish (Cyprus),TÃ¼rkÃ§e (KÄ±brÄ±s),
tr_TR,Turkish (Turkey),TÃ¼rkÃ§e (TÃ¼rkiye),
tt,Tatar,Ñ‚Ğ°Ñ‚Ğ°Ñ€,
tt_RU,Tatar (Russia),Ñ‚Ğ°Ñ‚Ğ°Ñ€ (Ğ Ğ¾ÑÑĞ¸Ñ),
twq,Tasawaq,Tasawaq senni,
twq_NE,Tasawaq (Niger),Tasawaq senni (NiÅ¾er),
tzm,Central Atlas Tamazight,TamaziÉ£t n laá¹­laá¹£,
tzm_MA,Central Atlas Tamazight (Morocco),TamaziÉ£t n laá¹­laá¹£ (Meá¹›á¹›uk),
ug,Uyghur,Ø¦Û‡ÙŠØºÛ‡Ø±Ú†Û•,
ug_CN,Uyghur (China),Ø¦Û‡ÙŠØºÛ‡Ø±Ú†Û• (Ø¬Û‡Ú­Ú¯Ùˆ),
uk,Ukrainian,ÑƒĞºÑ€Ğ°Ñ—Ğ½ÑÑŒĞºĞ°,
uk_UA,Ukrainian (Ukraine),ÑƒĞºÑ€Ğ°Ñ—Ğ½ÑÑŒĞºĞ° (Ğ£ĞºÑ€Ğ°Ñ—Ğ½Ğ°),
ur,Urdu,Ø§Ø±Ø¯Ùˆ,
ur_IN,Urdu (India),Ø§Ø±Ø¯Ùˆ (Ø¨Ú¾Ø§Ø±Øª),
ur_PK,Urdu (Pakistan),Ø§Ø±Ø¯Ùˆ (Ù¾Ø§Ú©Ø³ØªØ§Ù†),
uz,Uzbek,oâ€˜zbek,
uz_Arab,Uzbek (Arabic),Ø§ÙˆØ²Ø¨ÛŒÚ© (Ø¹Ø±Ø¨ÛŒ),
uz_Arab_AF,"Uzbek (Arabic, Afghanistan)","Ø§ÙˆØ²Ø¨ÛŒÚ© (Ø¹Ø±Ø¨ÛŒ, Ø§ÙØºØ§Ù†Ø³ØªØ§Ù†)",
uz_Cyrl,Uzbek (Cyrillic),ÑĞ·Ğ±ĞµĞºÑ‡Ğ° (ĞšĞ¸Ñ€Ğ¸Ğ»),
uz_Cyrl_UZ,"Uzbek (Cyrillic, Uzbekistan)","ÑĞ·Ğ±ĞµĞºÑ‡Ğ° (ĞšĞ¸Ñ€Ğ¸Ğ», ĞĞ·Ğ±ĞµĞºĞ¸ÑÑ‚Ğ¾Ğ½)",
uz_Latn,Uzbek (Latin),oâ€˜zbek (lotin),
uz_Latn_UZ,"Uzbek (Latin, Uzbekistan)","oâ€˜zbek (lotin, OÊ»zbekiston)",
vai,Vai,ê•™ê”¤,
vai_Latn,Vai (Latin),Vai (Latn),
vai_Latn_LR,"Vai (Latin, Liberia)","Vai (Latn, Laibhiya)",
vai_Vaii,Vai (Vai),ê•™ê”¤ (Vaii),
vai_Vaii_LR,"Vai (Vai, Liberia)","ê•™ê”¤ (Vaii, ê•ê”¤ê”«ê•©)",
vi,Vietnamese,Tiáº¿ng Viá»‡t,
vi_VN,Vietnamese (Vietnam),Tiáº¿ng Viá»‡t (Viá»‡t Nam),
vun,Vunjo,Kyivunjo,
vun_TZ,Vunjo (Tanzania),Kyivunjo (Tanzania),
wae,Walser,Walser,
wae_CH,Walser (Switzerland),Walser (Schwiz),
wo,Wolof,Wolof,
wo_SN,Wolof (Senegal),Wolof (Senegaal),
xog,Soga,Olusoga,
xog_UG,Soga (Uganda),Olusoga (Yuganda),
yav,Yangben,nuasue,
yav_CM,Yangben (Cameroon),nuasue (KemelÃºn),
yi,Yiddish,×™×™Ö´×“×™×©,
yi_001,Yiddish (World),×™×™Ö´×“×™×© (×•×•×¢×œ×˜),
yo,Yoruba,ÃˆdÃ¨ YorÃ¹bÃ¡,
yo_BJ,Yoruba (Benin),ÃˆdÃ¨ YorÃ¹bÃ¡ (OrÃ­lÉ›ÌÃ¨de BÉ›Ì€nÉ›Ì€),
yo_NG,Yoruba (Nigeria),ÃˆdÃ¨ YorÃ¹bÃ¡ (OrÃ­láº¹ÌÃ¨de NÃ Ã¬jÃ­rÃ­Ã ),
yue,Cantonese,ç²µèª,
yue_Hans,Cantonese (Simplified),ç²¤è¯­ (ç®€ä½“),
yue_Hans_CN,"Cantonese (Simplified, China)",ç²¤è¯­ (ç®€ä½“ï¼Œä¸­åäººæ°‘å…±å’Œå›½),
yue_Hant,Cantonese (Traditional),ç²µèª (ç¹é«”),
yue_Hant_HK,"Cantonese (Traditional, Hong Kong SAR China)",ç²µèª (ç¹é«”ï¼Œä¸­è¯äººæ°‘å…±å’Œåœ‹é¦™æ¸¯ç‰¹åˆ¥è¡Œæ”¿å€),
zgh,Standard Moroccan Tamazight,âµœâ´°âµâ´°âµ£âµ‰âµ–âµœ,
zgh_MA,Standard Moroccan Tamazight (Morocco),âµœâ´°âµâ´°âµ£âµ‰âµ–âµœ (âµâµâµ–âµ”âµ‰â´±),
zh,Chinese,ä¸­æ–‡,
zh_Hans,Chinese (Simplified),ä¸­æ–‡ï¼ˆç®€ä½“ï¼‰,Simplified Chinese
zh_Hans_CN,"Chinese (Simplified, China)",ä¸­æ–‡ï¼ˆç®€ä½“ï¼Œä¸­å›½ï¼‰,Simplified Chinese (China)
zh_Hans_HK,"Chinese (Simplified, Hong Kong SAR China)",ä¸­æ–‡ï¼ˆç®€ä½“ï¼Œä¸­å›½é¦™æ¸¯ç‰¹åˆ«è¡Œæ”¿åŒºï¼‰,Simplified Chinese (Hong Kong SAR China)
zh_Hans_MO,"Chinese (Simplified, Macau SAR China)",ä¸­æ–‡ï¼ˆç®€ä½“ï¼Œä¸­å›½æ¾³é—¨ç‰¹åˆ«è¡Œæ”¿åŒºï¼‰,Simplified Chinese (Macau SAR China)
zh_Hans_SG,"Chinese (Simplified, Singapore)",ä¸­æ–‡ï¼ˆç®€ä½“ï¼Œæ–°åŠ å¡ï¼‰,Simplified Chinese (Singapore)
zh_Hant,Chinese (Traditional),ä¸­æ–‡ï¼ˆç¹é«”ï¼‰,Traditional Chinese
zh_Hant_HK,"Chinese (Traditional, Hong Kong SAR China)",ä¸­æ–‡ï¼ˆç¹é«”å­—ï¼Œä¸­åœ‹é¦™æ¸¯ç‰¹åˆ¥è¡Œæ”¿å€ï¼‰,Traditional Chinese (Hong Kong SAR China)
zh_Hant_MO,"Chinese (Traditional, Macau SAR China)",ä¸­æ–‡ï¼ˆç¹é«”å­—ï¼Œä¸­åœ‹æ¾³é–€ç‰¹åˆ¥è¡Œæ”¿å€ï¼‰,Traditional Chinese (Macau SAR China)
zh_Hant_TW,"Chinese (Traditional, Taiwan)",ä¸­æ–‡ï¼ˆç¹é«”ï¼Œå°ç£ï¼‰,Traditional Chinese (Taiwan)
zu,Zulu,isiZulu,
zu_ZA,Zulu (South Africa),isiZulu (iNingizimu Afrika),
